{
  "providers": [
    {
      "type": "bitmap",
      "file": "minecraft:ranks/owner.png",
      "ascent": 8,
      "height": 8,
      "chars": ["\uE001"]
    },
    {
      "type": "bitmap",
      "file": "minecraft:ranks/admin.png",
      "ascent": 8,
      "height": 8,
      "chars": ["\uE002"]
    },
    {
      "type": "bitmap",
      "file": "minecraft:ranks/helper.png",
      "ascent": 8,
      "height": 8,
      "chars": ["\uE004"]
    },
    {
      "type": "bitmap",
      "file": "minecraft:ranks/mvp.png",
      "ascent": 8,
      "height": 8,
      "chars": ["\uE005"]
    },
    {
      "type": "bitmap",
      "file": "minecraft:ranks/vip.png",
      "ascent": 8,
      "height": 8,
      "chars": ["\uE006"]
    },
    {
      "type": "bitmap",
      "file": "minecraft:ranks/default.png",
      "ascent": 8,
      "height": 8,
      "chars": ["\uE007"]
    }
  ]
}
